{
  "threshold": 0.06892607361078262,
  "best_val_loss": 0.012210035528417448,
  "train_losses": [
    0.026947050305608036,
    0.009672875843779568,
    0.007966528022663705,
    0.007225636467007096,
    0.006981121512730524,
    0.006557472030245271,
    0.006341097863987863,
    0.006235481028631406,
    0.005957822088120258,
    0.00589744325566907,
    0.005829027643157144,
    0.005771512615371153,
    0.005683425343978194,
    0.00565397150785281,
    0.005633052586848131,
    0.005613626826094099,
    0.005556524777091627,
    0.005544244286676597,
    0.005532625496961889,
    0.005520231712665755,
    0.0054955846026377205,
    0.005489572676082162,
    0.005482205015010927,
    0.0054759212064665235,
    0.005463395231729554,
    0.005460269276190237,
    0.005456069482168646,
    0.005454082011491936,
    0.005446020637904986,
    0.005445196190626706
  ],
  "val_losses": [
    0.017129094226627933,
    0.013840866096849952,
    0.012369080138183674,
    0.012210035528417448,
    0.012421181904608194,
    0.012711601435415902,
    0.012584132706100235,
    0.01288724727130362,
    0.013218171265242355,
    0.013208266940842173,
    0.01339828505598921,
    0.01397050011294837,
    0.014201881896742449,
    0.014599623845662085,
    0.014724927520075318,
    0.014798487460392775,
    0.01489200786858493,
    0.014892913227786823,
    0.015259449941733358,
    0.01520365704193103,
    0.015221109324305945,
    0.015439422278836065,
    0.01533062147489768,
    0.015556854336161394,
    0.015644916819066417,
    0.015488080894574523,
    0.015621402294812153,
    0.015712352736415913,
    0.015751185962854294,
    0.015645542906179113
  ],
  "top10_sensor_indices": [
    109,
    110,
    103,
    113,
    111,
    3,
    104,
    112,
    34,
    37
  ],
  "top10_sensor_names": [
    "3_AIT_001_PV",
    "3_AIT_002_PV",
    "2A_AIT_003_PV",
    "3_AIT_005_PV",
    "3_AIT_003_PV",
    "1_AIT_004_PV",
    "2A_AIT_004_PV",
    "3_AIT_004_PV",
    "2_FIC_501_SP",
    "2_FIC_601_SP"
  ],
  "sensor_cols": [
    "1_AIT_001_PV",
    "1_AIT_002_PV",
    "1_AIT_003_PV",
    "1_AIT_004_PV",
    "1_AIT_005_PV",
    "1_FIT_001_PV",
    "1_LS_001_AL",
    "1_LS_002_AL",
    "1_LT_001_PV",
    "1_MV_001_STATUS",
    "1_MV_002_STATUS",
    "1_MV_003_STATUS",
    "1_MV_004_STATUS",
    "1_P_001_STATUS",
    "1_P_002_STATUS",
    "1_P_003_STATUS",
    "1_P_004_STATUS",
    "1_P_005_STATUS",
    "1_P_006_STATUS",
    "2_DPIT_001_PV",
    "2_FIC_101_CO",
    "2_FIC_101_PV",
    "2_FIC_101_SP",
    "2_FIC_201_CO",
    "2_FIC_201_PV",
    "2_FIC_201_SP",
    "2_FIC_301_CO",
    "2_FIC_301_PV",
    "2_FIC_301_SP",
    "2_FIC_401_CO",
    "2_FIC_401_PV",
    "2_FIC_401_SP",
    "2_FIC_501_CO",
    "2_FIC_501_PV",
    "2_FIC_501_SP",
    "2_FIC_601_CO",
    "2_FIC_601_PV",
    "2_FIC_601_SP",
    "2_FIT_001_PV",
    "2_FIT_002_PV",
    "2_FIT_003_PV",
    "2_FQ_101_PV",
    "2_FQ_201_PV",
    "2_FQ_301_PV",
    "2_FQ_401_PV",
    "2_FQ_501_PV",
    "2_FQ_601_PV",
    "2_LS_001_AL",
    "2_LS_002_AL",
    "2_LS_101_AH",
    "2_LS_101_AL",
    "2_LS_201_AH",
    "2_LS_201_AL",
    "2_LS_301_AH",
    "2_LS_301_AL",
    "2_LS_401_AH",
    "2_LS_401_AL",
    "2_LS_501_AH",
    "2_LS_501_AL",
    "2_LS_601_AH",
    "2_LS_601_AL",
    "2_LT_001_PV",
    "2_LT_002_PV",
    "2_MCV_007_CO",
    "2_MCV_101_CO",
    "2_MCV_201_CO",
    "2_MCV_301_CO",
    "2_MCV_401_CO",
    "2_MCV_501_CO",
    "2_MCV_601_CO",
    "2_MV_001_STATUS",
    "2_MV_002_STATUS",
    "2_MV_003_STATUS",
    "2_MV_004_STATUS",
    "2_MV_005_STATUS",
    "2_MV_006_STATUS",
    "2_MV_009_STATUS",
    "2_MV_101_STATUS",
    "2_MV_201_STATUS",
    "2_MV_301_STATUS",
    "2_MV_401_STATUS",
    "2_MV_501_STATUS",
    "2_MV_601_STATUS",
    "2_P_001_STATUS",
    "2_P_002_STATUS",
    "2_P_003_SPEED",
    "2_P_003_STATUS",
    "2_P_004_SPEED",
    "2_P_004_STATUS",
    "2_PIC_003_CO",
    "2_PIC_003_PV",
    "2_PIC_003_SP",
    "2_PIT_001_PV",
    "2_PIT_002_PV",
    "2_PIT_003_PV",
    "2_SV_101_STATUS",
    "2_SV_201_STATUS",
    "2_SV_301_STATUS",
    "2_SV_401_STATUS",
    "2_SV_501_STATUS",
    "2_SV_601_STATUS",
    "2A_AIT_001_PV",
    "2A_AIT_002_PV",
    "2A_AIT_003_PV",
    "2A_AIT_004_PV",
    "2B_AIT_001_PV",
    "2B_AIT_002_PV",
    "2B_AIT_003_PV",
    "2B_AIT_004_PV",
    "3_AIT_001_PV",
    "3_AIT_002_PV",
    "3_AIT_003_PV",
    "3_AIT_004_PV",
    "3_AIT_005_PV",
    "3_FIT_001_PV",
    "3_LS_001_AL",
    "3_LT_001_PV",
    "3_MV_001_STATUS",
    "3_MV_002_STATUS",
    "3_MV_003_STATUS",
    "3_P_001_STATUS",
    "3_P_002_STATUS",
    "3_P_003_STATUS",
    "3_P_004_STATUS",
    "LEAK_DIFF_PRESSURE",
    "PLANT_START_STOP_LOG",
    "TOTAL_CONS_REQUIRED_FLOW"
  ],
  "config": {
    "window_size": 60,
    "batch_size": 128,
    "epochs": 30,
    "hidden_dim": 64,
    "latent_dim": 32
  },
  "optimal_alpha": 1.0,
  "layer3_f1": 0.24301612536906655,
  "optimal_threshold": 0.5351368214978229,
  "layer3_results": [
    {
      "alpha": 0.0,
      "f1": 0.17770143660212367,
      "precision": 0.4019780996114447,
      "recall": 0.11406234338979654,
      "fpr": 0.010405974369218477,
      "balanced_f1": 0.9226457701731624,
      "threshold": 0.8050969944778469
    },
    {
      "alpha": 0.1,
      "f1": 0.2024408848207475,
      "precision": 0.42355569741461857,
      "recall": 0.13300591360128294,
      "fpr": 0.011100525523218292,
      "balanced_f1": 0.9242636280742927,
      "threshold": 0.7262617799912755
    },
    {
      "alpha": 0.2,
      "f1": 0.23300708741140735,
      "precision": 0.35675899131872674,
      "recall": 0.17299789515886538,
      "fpr": 0.019127815851747134,
      "balanced_f1": 0.923291249059881,
      "threshold": 0.6671950419470153
    },
    {
      "alpha": 0.3,
      "f1": 0.23255063342209312,
      "precision": 0.5964403973509934,
      "recall": 0.1444321940463065,
      "fpr": 0.0059928086296444265,
      "balanced_f1": 0.9287414898998047,
      "threshold": 0.6919657389159125
    },
    {
      "alpha": 0.4,
      "f1": 0.22664207233940173,
      "precision": 0.5670144462279294,
      "recall": 0.14162573920016036,
      "fpr": 0.006632041550139832,
      "balanced_f1": 0.9280203148746169,
      "threshold": 0.7029476818409806
    },
    {
      "alpha": 0.5,
      "f1": 0.22804967129291454,
      "precision": 0.4204147589550229,
      "recall": 0.15645985767264708,
      "fpr": 0.013227204277943392,
      "balanced_f1": 0.9253732584870369,
      "threshold": 0.6906707280029721
    },
    {
      "alpha": 0.6,
      "f1": 0.21513619311694668,
      "precision": 0.5772428884026258,
      "recall": 0.13220406935952692,
      "fpr": 0.005937490396140017,
      "balanced_f1": 0.9274262144375187,
      "threshold": 0.7358244461283434
    },
    {
      "alpha": 0.7,
      "f1": 0.21780629009544672,
      "precision": 0.49625668449197863,
      "recall": 0.13952089806555076,
      "fpr": 0.008684962660192384,
      "balanced_f1": 0.9264783016811196,
      "threshold": 0.7401776528138153
    },
    {
      "alpha": 0.8,
      "f1": 0.22796052631578947,
      "precision": 0.6349060925332112,
      "recall": 0.13891951488423374,
      "fpr": 0.004898736900334983,
      "balanced_f1": 0.9288429303614898,
      "threshold": 0.7834060112797036
    },
    {
      "alpha": 0.9,
      "f1": 0.2265478040402388,
      "precision": 0.6155555555555555,
      "recall": 0.13881928435401422,
      "fpr": 0.0053166968868127475,
      "balanced_f1": 0.9285607972536343,
      "threshold": 0.8071626902762207
    },
    {
      "alpha": 1.0,
      "f1": 0.23627391984595017,
      "precision": 0.15547389761784086,
      "recall": 0.4919314423173299,
      "fpr": 0.16386490058084144,
      "balanced_f1": 0.8574656841789386,
      "threshold": 0.5851662414339807
    }
  ],
  "optimal_raw_threshold": 0.05372406542301178,
  "optimal_percentile": 60,
  "recalibrated_threshold": 2.309471368789673,
  "recalibrated_f1": 0.24008493213012816,
  "recalibration_method": "Percentile-99",